platform,effect_mean,effect_lo95,effect_hi95,baseline,treated,rel_change
mrna_only,0.11130942302374014,0.006821789850394616,0.24999184717366332,0.3205441342662288,0.43185355728996894,0.3472514737433685
traditional_only,0.11257195484453346,0.004923418496421687,0.25036818926462373,0.4662458072980284,0.5788177621425619,0.24144336116802118
