Year,Deaths
2020,5017676.5
2021,10760291.0714286
2022,6251561.85714285
