Year,Deaths,population,intensity
2020,5017676.5,7887001284,6.361957250063
2021,10760291.0714286,7954448405,13.5273881023163
2022,6251561.85714285,8021407170,7.79359746320277
