gamma,ex_ante_severities
0.4,13.8183767718336
0.5,15.8249260783417
0.6,18.5132373113855
0.7,22.2784224965706
0.8,27.9959259259259
