platform,effect_mean,effect_lo95,effect_hi95,baseline,treated,rel_change
mrna_only,0.1098064504307248,-0.001471820203322066,0.24999184290740314,0.32085081832457796,0.43065726875530275,0.3422352201066939
traditional_only,0.11113210456314665,-0.004446635994459219,0.2503100411578963,0.46607913485120167,0.5772112394143483,0.23844041977683925
